,City,American Restaurant,Art Museum,Asian Restaurant,Bakery,Bar,Beer Garden,Brazilian Restaurant,Burger Joint,Business Service,Caf√©,Cocktail Bar,Coffee Shop,Concert Hall,Deli / Bodega,Diner,Food Court,French Restaurant,Fried Chicken Joint,Gastropub,German Restaurant,Gym,Hawaiian Restaurant,History Museum,Hot Dog Joint,Hotel,Italian Restaurant,Lounge,Mediterranean Restaurant,Mexican Restaurant,Music Venue,New American Restaurant,Park,Ramen Restaurant,Sandwich Place,Science Museum,Snack Place,Southern / Soul Food Restaurant,Speakeasy,Theater,Wine Bar,Wings Joint,Price
0,Adamsville,0.05172413793103448,0.017241379310344827,0.034482758620689655,0.017241379310344827,0.06896551724137931,0.017241379310344827,0.017241379310344827,0.017241379310344827,0.017241379310344827,0.017241379310344827,0.034482758620689655,0.034482758620689655,0.017241379310344827,0.017241379310344827,0.017241379310344827,0.017241379310344827,0.017241379310344827,0.017241379310344827,0.017241379310344827,0.017241379310344827,0.017241379310344827,0.017241379310344827,0.017241379310344827,0.017241379310344827,0.05172413793103448,0.017241379310344827,0.05172413793103448,0.017241379310344827,0.034482758620689655,0.017241379310344827,0.017241379310344827,0.034482758620689655,0.017241379310344827,0.017241379310344827,0.017241379310344827,0.017241379310344827,0.017241379310344827,0.017241379310344827,0.06896551724137931,0.017241379310344827,0.017241379310344827,0.029581518024496364
1,Adger,0.05172413793103448,0.017241379310344827,0.034482758620689655,0.017241379310344827,0.06896551724137931,0.017241379310344827,0.017241379310344827,0.017241379310344827,0.017241379310344827,0.017241379310344827,0.034482758620689655,0.034482758620689655,0.017241379310344827,0.017241379310344827,0.017241379310344827,0.017241379310344827,0.017241379310344827,0.017241379310344827,0.017241379310344827,0.017241379310344827,0.017241379310344827,0.017241379310344827,0.017241379310344827,0.017241379310344827,0.05172413793103448,0.017241379310344827,0.05172413793103448,0.017241379310344827,0.034482758620689655,0.017241379310344827,0.017241379310344827,0.034482758620689655,0.017241379310344827,0.017241379310344827,0.017241379310344827,0.017241379310344827,0.017241379310344827,0.017241379310344827,0.06896551724137931,0.017241379310344827,0.017241379310344827,0.029673559197973882
2,Alabaster,0.05172413793103448,0.017241379310344827,0.034482758620689655,0.017241379310344827,0.06896551724137931,0.017241379310344827,0.017241379310344827,0.017241379310344827,0.017241379310344827,0.017241379310344827,0.034482758620689655,0.034482758620689655,0.017241379310344827,0.017241379310344827,0.017241379310344827,0.017241379310344827,0.017241379310344827,0.017241379310344827,0.017241379310344827,0.017241379310344827,0.017241379310344827,0.017241379310344827,0.017241379310344827,0.017241379310344827,0.05172413793103448,0.017241379310344827,0.05172413793103448,0.017241379310344827,0.034482758620689655,0.017241379310344827,0.017241379310344827,0.034482758620689655,0.017241379310344827,0.017241379310344827,0.017241379310344827,0.017241379310344827,0.017241379310344827,0.017241379310344827,0.06896551724137931,0.017241379310344827,0.017241379310344827,0.04083625371939777
3,Ashville,0.05172413793103448,0.017241379310344827,0.034482758620689655,0.017241379310344827,0.06896551724137931,0.017241379310344827,0.017241379310344827,0.017241379310344827,0.017241379310344827,0.017241379310344827,0.034482758620689655,0.034482758620689655,0.017241379310344827,0.017241379310344827,0.017241379310344827,0.017241379310344827,0.017241379310344827,0.017241379310344827,0.017241379310344827,0.017241379310344827,0.017241379310344827,0.017241379310344827,0.017241379310344827,0.017241379310344827,0.05172413793103448,0.017241379310344827,0.05172413793103448,0.017241379310344827,0.034482758620689655,0.017241379310344827,0.017241379310344827,0.034482758620689655,0.017241379310344827,0.017241379310344827,0.017241379310344827,0.017241379310344827,0.017241379310344827,0.017241379310344827,0.06896551724137931,0.017241379310344827,0.017241379310344827,0.02021646070807626
4,Bessemer,0.05172413793103448,0.017241379310344827,0.034482758620689655,0.017241379310344827,0.06896551724137931,0.017241379310344827,0.017241379310344827,0.017241379310344827,0.017241379310344827,0.017241379310344827,0.034482758620689655,0.034482758620689655,0.017241379310344827,0.017241379310344827,0.017241379310344827,0.017241379310344827,0.017241379310344827,0.017241379310344827,0.017241379310344827,0.017241379310344827,0.017241379310344827,0.017241379310344827,0.017241379310344827,0.017241379310344827,0.05172413793103448,0.017241379310344827,0.05172413793103448,0.017241379310344827,0.034482758620689655,0.017241379310344827,0.017241379310344827,0.034482758620689655,0.017241379310344827,0.017241379310344827,0.017241379310344827,0.017241379310344827,0.017241379310344827,0.017241379310344827,0.06896551724137931,0.017241379310344827,0.017241379310344827,0.08004994604042176
5,Birmingham,0.05172413793103448,0.017241379310344827,0.034482758620689655,0.017241379310344827,0.06896551724137931,0.017241379310344827,0.017241379310344827,0.017241379310344827,0.017241379310344827,0.017241379310344827,0.034482758620689655,0.034482758620689655,0.017241379310344827,0.017241379310344827,0.017241379310344827,0.017241379310344827,0.017241379310344827,0.017241379310344827,0.017241379310344827,0.017241379310344827,0.017241379310344827,0.017241379310344827,0.017241379310344827,0.017241379310344827,0.05172413793103448,0.017241379310344827,0.05172413793103448,0.017241379310344827,0.034482758620689655,0.017241379310344827,0.017241379310344827,0.034482758620689655,0.017241379310344827,0.017241379310344827,0.017241379310344827,0.017241379310344827,0.017241379310344827,0.017241379310344827,0.06896551724137931,0.017241379310344827,0.017241379310344827,0.3006307762024398
6,Blount Springs,0.05172413793103448,0.017241379310344827,0.034482758620689655,0.017241379310344827,0.06896551724137931,0.017241379310344827,0.017241379310344827,0.017241379310344827,0.017241379310344827,0.017241379310344827,0.034482758620689655,0.034482758620689655,0.017241379310344827,0.017241379310344827,0.017241379310344827,0.017241379310344827,0.017241379310344827,0.017241379310344827,0.017241379310344827,0.017241379310344827,0.017241379310344827,0.017241379310344827,0.017241379310344827,0.017241379310344827,0.05172413793103448,0.017241379310344827,0.05172413793103448,0.017241379310344827,0.034482758620689655,0.017241379310344827,0.017241379310344827,0.034482758620689655,0.017241379310344827,0.017241379310344827,0.017241379310344827,0.017241379310344827,0.017241379310344827,0.017241379310344827,0.06896551724137931,0.017241379310344827,0.017241379310344827,0.0667343334030971
7,Blountsville,0.05172413793103448,0.017241379310344827,0.034482758620689655,0.017241379310344827,0.06896551724137931,0.017241379310344827,0.017241379310344827,0.017241379310344827,0.017241379310344827,0.017241379310344827,0.034482758620689655,0.034482758620689655,0.017241379310344827,0.017241379310344827,0.017241379310344827,0.017241379310344827,0.017241379310344827,0.017241379310344827,0.017241379310344827,0.017241379310344827,0.017241379310344827,0.017241379310344827,0.017241379310344827,0.017241379310344827,0.05172413793103448,0.017241379310344827,0.05172413793103448,0.017241379310344827,0.034482758620689655,0.017241379310344827,0.017241379310344827,0.034482758620689655,0.017241379310344827,0.017241379310344827,0.017241379310344827,0.017241379310344827,0.017241379310344827,0.017241379310344827,0.06896551724137931,0.017241379310344827,0.017241379310344827,0.04049409049188894
8,Brent,0.05172413793103448,0.017241379310344827,0.034482758620689655,0.017241379310344827,0.06896551724137931,0.017241379310344827,0.017241379310344827,0.017241379310344827,0.017241379310344827,0.017241379310344827,0.034482758620689655,0.034482758620689655,0.017241379310344827,0.017241379310344827,0.017241379310344827,0.017241379310344827,0.017241379310344827,0.017241379310344827,0.017241379310344827,0.017241379310344827,0.017241379310344827,0.017241379310344827,0.017241379310344827,0.017241379310344827,0.05172413793103448,0.017241379310344827,0.05172413793103448,0.017241379310344827,0.034482758620689655,0.017241379310344827,0.017241379310344827,0.034482758620689655,0.017241379310344827,0.017241379310344827,0.017241379310344827,0.017241379310344827,0.017241379310344827,0.017241379310344827,0.06896551724137931,0.017241379310344827,0.017241379310344827,0.1038052038491163
9,Brierfield,0.05172413793103448,0.017241379310344827,0.034482758620689655,0.017241379310344827,0.06896551724137931,0.017241379310344827,0.017241379310344827,0.017241379310344827,0.017241379310344827,0.017241379310344827,0.034482758620689655,0.034482758620689655,0.017241379310344827,0.017241379310344827,0.017241379310344827,0.017241379310344827,0.017241379310344827,0.017241379310344827,0.017241379310344827,0.017241379310344827,0.017241379310344827,0.017241379310344827,0.017241379310344827,0.017241379310344827,0.05172413793103448,0.017241379310344827,0.05172413793103448,0.017241379310344827,0.034482758620689655,0.017241379310344827,0.017241379310344827,0.034482758620689655,0.017241379310344827,0.017241379310344827,0.017241379310344827,0.017241379310344827,0.017241379310344827,0.017241379310344827,0.06896551724137931,0.017241379310344827,0.017241379310344827,0.024603504398335575
10,Brighton,0.05172413793103448,0.017241379310344827,0.034482758620689655,0.017241379310344827,0.06896551724137931,0.017241379310344827,0.017241379310344827,0.017241379310344827,0.017241379310344827,0.017241379310344827,0.034482758620689655,0.034482758620689655,0.017241379310344827,0.017241379310344827,0.017241379310344827,0.017241379310344827,0.017241379310344827,0.017241379310344827,0.017241379310344827,0.017241379310344827,0.017241379310344827,0.017241379310344827,0.017241379310344827,0.017241379310344827,0.05172413793103448,0.017241379310344827,0.05172413793103448,0.017241379310344827,0.034482758620689655,0.017241379310344827,0.017241379310344827,0.034482758620689655,0.017241379310344827,0.017241379310344827,0.017241379310344827,0.017241379310344827,0.017241379310344827,0.017241379310344827,0.06896551724137931,0.017241379310344827,0.017241379310344827,0.043192656906308545
11,Brookwood,0.05172413793103448,0.017241379310344827,0.034482758620689655,0.017241379310344827,0.06896551724137931,0.017241379310344827,0.017241379310344827,0.017241379310344827,0.017241379310344827,0.017241379310344827,0.034482758620689655,0.034482758620689655,0.017241379310344827,0.017241379310344827,0.017241379310344827,0.017241379310344827,0.017241379310344827,0.017241379310344827,0.017241379310344827,0.017241379310344827,0.017241379310344827,0.017241379310344827,0.017241379310344827,0.017241379310344827,0.05172413793103448,0.017241379310344827,0.05172413793103448,0.017241379310344827,0.034482758620689655,0.017241379310344827,0.017241379310344827,0.034482758620689655,0.017241379310344827,0.017241379310344827,0.017241379310344827,0.017241379310344827,0.017241379310344827,0.017241379310344827,0.06896551724137931,0.017241379310344827,0.017241379310344827,0.16301480258336415
12,Cahaba Heights,0.05172413793103448,0.017241379310344827,0.034482758620689655,0.017241379310344827,0.06896551724137931,0.017241379310344827,0.017241379310344827,0.017241379310344827,0.017241379310344827,0.017241379310344827,0.034482758620689655,0.034482758620689655,0.017241379310344827,0.017241379310344827,0.017241379310344827,0.017241379310344827,0.017241379310344827,0.017241379310344827,0.017241379310344827,0.017241379310344827,0.017241379310344827,0.017241379310344827,0.017241379310344827,0.017241379310344827,0.05172413793103448,0.017241379310344827,0.05172413793103448,0.017241379310344827,0.034482758620689655,0.017241379310344827,0.017241379310344827,0.034482758620689655,0.017241379310344827,0.017241379310344827,0.017241379310344827,0.017241379310344827,0.017241379310344827,0.017241379310344827,0.06896551724137931,0.017241379310344827,0.017241379310344827,0.04248731519053245
13,Calera,0.05172413793103448,0.017241379310344827,0.034482758620689655,0.017241379310344827,0.06896551724137931,0.017241379310344827,0.017241379310344827,0.017241379310344827,0.017241379310344827,0.017241379310344827,0.034482758620689655,0.034482758620689655,0.017241379310344827,0.017241379310344827,0.017241379310344827,0.017241379310344827,0.017241379310344827,0.017241379310344827,0.017241379310344827,0.017241379310344827,0.017241379310344827,0.017241379310344827,0.017241379310344827,0.017241379310344827,0.05172413793103448,0.017241379310344827,0.05172413793103448,0.017241379310344827,0.034482758620689655,0.017241379310344827,0.017241379310344827,0.034482758620689655,0.017241379310344827,0.017241379310344827,0.017241379310344827,0.017241379310344827,0.017241379310344827,0.017241379310344827,0.06896551724137931,0.017241379310344827,0.017241379310344827,0.2958014213993708
14,Carbon Hill,0.05172413793103448,0.017241379310344827,0.034482758620689655,0.017241379310344827,0.06896551724137931,0.017241379310344827,0.017241379310344827,0.017241379310344827,0.017241379310344827,0.017241379310344827,0.034482758620689655,0.034482758620689655,0.017241379310344827,0.017241379310344827,0.017241379310344827,0.017241379310344827,0.017241379310344827,0.017241379310344827,0.017241379310344827,0.017241379310344827,0.017241379310344827,0.017241379310344827,0.017241379310344827,0.017241379310344827,0.05172413793103448,0.017241379310344827,0.05172413793103448,0.017241379310344827,0.034482758620689655,0.017241379310344827,0.017241379310344827,0.034482758620689655,0.017241379310344827,0.017241379310344827,0.017241379310344827,0.017241379310344827,0.017241379310344827,0.017241379310344827,0.06896551724137931,0.017241379310344827,0.017241379310344827,0.09947645363586452
15,Center Point,0.05172413793103448,0.017241379310344827,0.034482758620689655,0.017241379310344827,0.06896551724137931,0.017241379310344827,0.017241379310344827,0.017241379310344827,0.017241379310344827,0.017241379310344827,0.034482758620689655,0.034482758620689655,0.017241379310344827,0.017241379310344827,0.017241379310344827,0.017241379310344827,0.017241379310344827,0.017241379310344827,0.017241379310344827,0.017241379310344827,0.017241379310344827,0.017241379310344827,0.017241379310344827,0.017241379310344827,0.05172413793103448,0.017241379310344827,0.05172413793103448,0.017241379310344827,0.034482758620689655,0.017241379310344827,0.017241379310344827,0.034482758620689655,0.017241379310344827,0.017241379310344827,0.017241379310344827,0.017241379310344827,0.017241379310344827,0.017241379310344827,0.06896551724137931,0.017241379310344827,0.017241379310344827,0.3904295192664028
16,Centreville,0.05172413793103448,0.017241379310344827,0.034482758620689655,0.017241379310344827,0.06896551724137931,0.017241379310344827,0.017241379310344827,0.017241379310344827,0.017241379310344827,0.017241379310344827,0.034482758620689655,0.034482758620689655,0.017241379310344827,0.017241379310344827,0.017241379310344827,0.017241379310344827,0.017241379310344827,0.017241379310344827,0.017241379310344827,0.017241379310344827,0.017241379310344827,0.017241379310344827,0.017241379310344827,0.017241379310344827,0.05172413793103448,0.017241379310344827,0.05172413793103448,0.017241379310344827,0.034482758620689655,0.017241379310344827,0.017241379310344827,0.034482758620689655,0.017241379310344827,0.017241379310344827,0.017241379310344827,0.017241379310344827,0.017241379310344827,0.017241379310344827,0.06896551724137931,0.017241379310344827,0.017241379310344827,0.0684575957923645
17,Chelsea,0.05172413793103448,0.017241379310344827,0.034482758620689655,0.017241379310344827,0.06896551724137931,0.017241379310344827,0.017241379310344827,0.017241379310344827,0.017241379310344827,0.017241379310344827,0.034482758620689655,0.034482758620689655,0.017241379310344827,0.017241379310344827,0.017241379310344827,0.017241379310344827,0.017241379310344827,0.017241379310344827,0.017241379310344827,0.017241379310344827,0.017241379310344827,0.017241379310344827,0.017241379310344827,0.017241379310344827,0.05172413793103448,0.017241379310344827,0.05172413793103448,0.017241379310344827,0.034482758620689655,0.017241379310344827,0.017241379310344827,0.034482758620689655,0.017241379310344827,0.017241379310344827,0.017241379310344827,0.017241379310344827,0.017241379310344827,0.017241379310344827,0.06896551724137931,0.017241379310344827,0.017241379310344827,0.06309347868940975
18,Chula Vista,0.05172413793103448,0.017241379310344827,0.034482758620689655,0.017241379310344827,0.06896551724137931,0.017241379310344827,0.017241379310344827,0.017241379310344827,0.017241379310344827,0.017241379310344827,0.034482758620689655,0.034482758620689655,0.017241379310344827,0.017241379310344827,0.017241379310344827,0.017241379310344827,0.017241379310344827,0.017241379310344827,0.017241379310344827,0.017241379310344827,0.017241379310344827,0.017241379310344827,0.017241379310344827,0.017241379310344827,0.05172413793103448,0.017241379310344827,0.05172413793103448,0.017241379310344827,0.034482758620689655,0.017241379310344827,0.017241379310344827,0.034482758620689655,0.017241379310344827,0.017241379310344827,0.017241379310344827,0.017241379310344827,0.017241379310344827,0.017241379310344827,0.06896551724137931,0.017241379310344827,0.017241379310344827,0.11139390614289556
19,Clanton,0.05172413793103448,0.017241379310344827,0.034482758620689655,0.017241379310344827,0.06896551724137931,0.017241379310344827,0.017241379310344827,0.017241379310344827,0.017241379310344827,0.017241379310344827,0.034482758620689655,0.034482758620689655,0.017241379310344827,0.017241379310344827,0.017241379310344827,0.017241379310344827,0.017241379310344827,0.017241379310344827,0.017241379310344827,0.017241379310344827,0.017241379310344827,0.017241379310344827,0.017241379310344827,0.017241379310344827,0.05172413793103448,0.017241379310344827,0.05172413793103448,0.017241379310344827,0.034482758620689655,0.017241379310344827,0.017241379310344827,0.034482758620689655,0.017241379310344827,0.017241379310344827,0.017241379310344827,0.017241379310344827,0.017241379310344827,0.017241379310344827,0.06896551724137931,0.017241379310344827,0.017241379310344827,0.0163953843795072
20,Clay,0.05172413793103448,0.017241379310344827,0.034482758620689655,0.017241379310344827,0.06896551724137931,0.017241379310344827,0.017241379310344827,0.017241379310344827,0.017241379310344827,0.017241379310344827,0.034482758620689655,0.034482758620689655,0.017241379310344827,0.017241379310344827,0.017241379310344827,0.017241379310344827,0.017241379310344827,0.017241379310344827,0.017241379310344827,0.017241379310344827,0.017241379310344827,0.017241379310344827,0.017241379310344827,0.017241379310344827,0.05172413793103448,0.017241379310344827,0.05172413793103448,0.017241379310344827,0.034482758620689655,0.017241379310344827,0.017241379310344827,0.034482758620689655,0.017241379310344827,0.017241379310344827,0.017241379310344827,0.017241379310344827,0.017241379310344827,0.017241379310344827,0.06896551724137931,0.017241379310344827,0.017241379310344827,0.007822363264943349
21,Cleveland,0.05172413793103448,0.017241379310344827,0.034482758620689655,0.017241379310344827,0.06896551724137931,0.017241379310344827,0.017241379310344827,0.017241379310344827,0.017241379310344827,0.017241379310344827,0.034482758620689655,0.034482758620689655,0.017241379310344827,0.017241379310344827,0.017241379310344827,0.017241379310344827,0.017241379310344827,0.017241379310344827,0.017241379310344827,0.017241379310344827,0.017241379310344827,0.017241379310344827,0.017241379310344827,0.017241379310344827,0.05172413793103448,0.017241379310344827,0.05172413793103448,0.017241379310344827,0.034482758620689655,0.017241379310344827,0.017241379310344827,0.034482758620689655,0.017241379310344827,0.017241379310344827,0.017241379310344827,0.017241379310344827,0.017241379310344827,0.017241379310344827,0.06896551724137931,0.017241379310344827,0.017241379310344827,0.03906119202824264
22,Columbiana,0.05172413793103448,0.017241379310344827,0.034482758620689655,0.017241379310344827,0.06896551724137931,0.017241379310344827,0.017241379310344827,0.017241379310344827,0.017241379310344827,0.017241379310344827,0.034482758620689655,0.034482758620689655,0.017241379310344827,0.017241379310344827,0.017241379310344827,0.017241379310344827,0.017241379310344827,0.017241379310344827,0.017241379310344827,0.017241379310344827,0.017241379310344827,0.017241379310344827,0.017241379310344827,0.017241379310344827,0.05172413793103448,0.017241379310344827,0.05172413793103448,0.017241379310344827,0.034482758620689655,0.017241379310344827,0.017241379310344827,0.034482758620689655,0.017241379310344827,0.017241379310344827,0.017241379310344827,0.017241379310344827,0.017241379310344827,0.017241379310344827,0.06896551724137931,0.017241379310344827,0.017241379310344827,0.1734317456595059
23,Cordova,0.05172413793103448,0.017241379310344827,0.034482758620689655,0.017241379310344827,0.06896551724137931,0.017241379310344827,0.017241379310344827,0.017241379310344827,0.017241379310344827,0.017241379310344827,0.034482758620689655,0.034482758620689655,0.017241379310344827,0.017241379310344827,0.017241379310344827,0.017241379310344827,0.017241379310344827,0.017241379310344827,0.017241379310344827,0.017241379310344827,0.017241379310344827,0.017241379310344827,0.017241379310344827,0.017241379310344827,0.05172413793103448,0.017241379310344827,0.05172413793103448,0.017241379310344827,0.034482758620689655,0.017241379310344827,0.017241379310344827,0.034482758620689655,0.017241379310344827,0.017241379310344827,0.017241379310344827,0.017241379310344827,0.017241379310344827,0.017241379310344827,0.06896551724137931,0.017241379310344827,0.017241379310344827,0.025453864346659662
24,Cropwell,0.05172413793103448,0.017241379310344827,0.034482758620689655,0.017241379310344827,0.06896551724137931,0.017241379310344827,0.017241379310344827,0.017241379310344827,0.017241379310344827,0.017241379310344827,0.034482758620689655,0.034482758620689655,0.017241379310344827,0.017241379310344827,0.017241379310344827,0.017241379310344827,0.017241379310344827,0.017241379310344827,0.017241379310344827,0.017241379310344827,0.017241379310344827,0.017241379310344827,0.017241379310344827,0.017241379310344827,0.05172413793103448,0.017241379310344827,0.05172413793103448,0.017241379310344827,0.034482758620689655,0.017241379310344827,0.017241379310344827,0.034482758620689655,0.017241379310344827,0.017241379310344827,0.017241379310344827,0.017241379310344827,0.017241379310344827,0.017241379310344827,0.06896551724137931,0.017241379310344827,0.017241379310344827,0.022399400625060503
25,Docena,0.05172413793103448,0.017241379310344827,0.034482758620689655,0.017241379310344827,0.06896551724137931,0.017241379310344827,0.017241379310344827,0.017241379310344827,0.017241379310344827,0.017241379310344827,0.034482758620689655,0.034482758620689655,0.017241379310344827,0.017241379310344827,0.017241379310344827,0.017241379310344827,0.017241379310344827,0.017241379310344827,0.017241379310344827,0.017241379310344827,0.017241379310344827,0.017241379310344827,0.017241379310344827,0.017241379310344827,0.05172413793103448,0.017241379310344827,0.05172413793103448,0.017241379310344827,0.034482758620689655,0.017241379310344827,0.017241379310344827,0.034482758620689655,0.017241379310344827,0.017241379310344827,0.017241379310344827,0.017241379310344827,0.017241379310344827,0.017241379310344827,0.06896551724137931,0.017241379310344827,0.017241379310344827,0.13139422364201644
26,Dolomite,0.05172413793103448,0.017241379310344827,0.034482758620689655,0.017241379310344827,0.06896551724137931,0.017241379310344827,0.017241379310344827,0.017241379310344827,0.017241379310344827,0.017241379310344827,0.034482758620689655,0.034482758620689655,0.017241379310344827,0.017241379310344827,0.017241379310344827,0.017241379310344827,0.017241379310344827,0.017241379310344827,0.017241379310344827,0.017241379310344827,0.017241379310344827,0.017241379310344827,0.017241379310344827,0.017241379310344827,0.05172413793103448,0.017241379310344827,0.05172413793103448,0.017241379310344827,0.034482758620689655,0.017241379310344827,0.017241379310344827,0.034482758620689655,0.017241379310344827,0.017241379310344827,0.017241379310344827,0.017241379310344827,0.017241379310344827,0.017241379310344827,0.06896551724137931,0.017241379310344827,0.017241379310344827,0.08313634129087266
27,Dora,0.05172413793103448,0.017241379310344827,0.034482758620689655,0.017241379310344827,0.06896551724137931,0.017241379310344827,0.017241379310344827,0.017241379310344827,0.017241379310344827,0.017241379310344827,0.034482758620689655,0.034482758620689655,0.017241379310344827,0.017241379310344827,0.017241379310344827,0.017241379310344827,0.017241379310344827,0.017241379310344827,0.017241379310344827,0.017241379310344827,0.017241379310344827,0.017241379310344827,0.017241379310344827,0.017241379310344827,0.05172413793103448,0.017241379310344827,0.05172413793103448,0.017241379310344827,0.034482758620689655,0.017241379310344827,0.017241379310344827,0.034482758620689655,0.017241379310344827,0.017241379310344827,0.017241379310344827,0.017241379310344827,0.017241379310344827,0.017241379310344827,0.06896551724137931,0.017241379310344827,0.017241379310344827,0.02157902670482134
28,Empire,0.05172413793103448,0.017241379310344827,0.034482758620689655,0.017241379310344827,0.06896551724137931,0.017241379310344827,0.017241379310344827,0.017241379310344827,0.017241379310344827,0.017241379310344827,0.034482758620689655,0.034482758620689655,0.017241379310344827,0.017241379310344827,0.017241379310344827,0.017241379310344827,0.017241379310344827,0.017241379310344827,0.017241379310344827,0.017241379310344827,0.017241379310344827,0.017241379310344827,0.017241379310344827,0.017241379310344827,0.05172413793103448,0.017241379310344827,0.05172413793103448,0.017241379310344827,0.034482758620689655,0.017241379310344827,0.017241379310344827,0.034482758620689655,0.017241379310344827,0.017241379310344827,0.017241379310344827,0.017241379310344827,0.017241379310344827,0.017241379310344827,0.06896551724137931,0.017241379310344827,0.017241379310344827,0.02824546257143947
29,Fairfield,0.05172413793103448,0.017241379310344827,0.034482758620689655,0.017241379310344827,0.06896551724137931,0.017241379310344827,0.017241379310344827,0.017241379310344827,0.017241379310344827,0.017241379310344827,0.034482758620689655,0.034482758620689655,0.017241379310344827,0.017241379310344827,0.017241379310344827,0.017241379310344827,0.017241379310344827,0.017241379310344827,0.017241379310344827,0.017241379310344827,0.017241379310344827,0.017241379310344827,0.017241379310344827,0.017241379310344827,0.05172413793103448,0.017241379310344827,0.05172413793103448,0.017241379310344827,0.034482758620689655,0.017241379310344827,0.017241379310344827,0.034482758620689655,0.017241379310344827,0.017241379310344827,0.017241379310344827,0.017241379310344827,0.017241379310344827,0.017241379310344827,0.06896551724137931,0.017241379310344827,0.017241379310344827,0.15307266075801482
30,Fultondale,0.05172413793103448,0.017241379310344827,0.034482758620689655,0.017241379310344827,0.06896551724137931,0.017241379310344827,0.017241379310344827,0.017241379310344827,0.017241379310344827,0.017241379310344827,0.034482758620689655,0.034482758620689655,0.017241379310344827,0.017241379310344827,0.017241379310344827,0.017241379310344827,0.017241379310344827,0.017241379310344827,0.017241379310344827,0.017241379310344827,0.017241379310344827,0.017241379310344827,0.017241379310344827,0.017241379310344827,0.05172413793103448,0.017241379310344827,0.05172413793103448,0.017241379310344827,0.034482758620689655,0.017241379310344827,0.017241379310344827,0.034482758620689655,0.017241379310344827,0.017241379310344827,0.017241379310344827,0.017241379310344827,0.017241379310344827,0.017241379310344827,0.06896551724137931,0.017241379310344827,0.017241379310344827,0.07805267899294309
31,Gallant,0.05172413793103448,0.017241379310344827,0.034482758620689655,0.017241379310344827,0.06896551724137931,0.017241379310344827,0.017241379310344827,0.017241379310344827,0.017241379310344827,0.017241379310344827,0.034482758620689655,0.034482758620689655,0.017241379310344827,0.017241379310344827,0.017241379310344827,0.017241379310344827,0.017241379310344827,0.017241379310344827,0.017241379310344827,0.017241379310344827,0.017241379310344827,0.017241379310344827,0.017241379310344827,0.017241379310344827,0.05172413793103448,0.017241379310344827,0.05172413793103448,0.017241379310344827,0.034482758620689655,0.017241379310344827,0.017241379310344827,0.034482758620689655,0.017241379310344827,0.017241379310344827,0.017241379310344827,0.017241379310344827,0.017241379310344827,0.017241379310344827,0.06896551724137931,0.017241379310344827,0.017241379310344827,0.015515544728616002
32,Gardendale,0.05172413793103448,0.017241379310344827,0.034482758620689655,0.017241379310344827,0.06896551724137931,0.017241379310344827,0.017241379310344827,0.017241379310344827,0.017241379310344827,0.017241379310344827,0.034482758620689655,0.034482758620689655,0.017241379310344827,0.017241379310344827,0.017241379310344827,0.017241379310344827,0.017241379310344827,0.017241379310344827,0.017241379310344827,0.017241379310344827,0.017241379310344827,0.017241379310344827,0.017241379310344827,0.017241379310344827,0.05172413793103448,0.017241379310344827,0.05172413793103448,0.017241379310344827,0.034482758620689655,0.017241379310344827,0.017241379310344827,0.034482758620689655,0.017241379310344827,0.017241379310344827,0.017241379310344827,0.017241379310344827,0.017241379310344827,0.017241379310344827,0.06896551724137931,0.017241379310344827,0.017241379310344827,0.18514177806568743
33,Graysville,0.05172413793103448,0.017241379310344827,0.034482758620689655,0.017241379310344827,0.06896551724137931,0.017241379310344827,0.017241379310344827,0.017241379310344827,0.017241379310344827,0.017241379310344827,0.034482758620689655,0.034482758620689655,0.017241379310344827,0.017241379310344827,0.017241379310344827,0.017241379310344827,0.017241379310344827,0.017241379310344827,0.017241379310344827,0.017241379310344827,0.017241379310344827,0.017241379310344827,0.017241379310344827,0.017241379310344827,0.05172413793103448,0.017241379310344827,0.05172413793103448,0.017241379310344827,0.034482758620689655,0.017241379310344827,0.017241379310344827,0.034482758620689655,0.017241379310344827,0.017241379310344827,0.017241379310344827,0.017241379310344827,0.017241379310344827,0.017241379310344827,0.06896551724137931,0.017241379310344827,0.017241379310344827,0.4519780777231189
34,Harpersville,0.05172413793103448,0.017241379310344827,0.034482758620689655,0.017241379310344827,0.06896551724137931,0.017241379310344827,0.017241379310344827,0.017241379310344827,0.017241379310344827,0.017241379310344827,0.034482758620689655,0.034482758620689655,0.017241379310344827,0.017241379310344827,0.017241379310344827,0.017241379310344827,0.017241379310344827,0.017241379310344827,0.017241379310344827,0.017241379310344827,0.017241379310344827,0.017241379310344827,0.017241379310344827,0.017241379310344827,0.05172413793103448,0.017241379310344827,0.05172413793103448,0.017241379310344827,0.034482758620689655,0.017241379310344827,0.017241379310344827,0.034482758620689655,0.017241379310344827,0.017241379310344827,0.017241379310344827,0.017241379310344827,0.017241379310344827,0.017241379310344827,0.06896551724137931,0.017241379310344827,0.017241379310344827,0.04196447905800647
35,Hayden,0.05172413793103448,0.017241379310344827,0.034482758620689655,0.017241379310344827,0.06896551724137931,0.017241379310344827,0.017241379310344827,0.017241379310344827,0.017241379310344827,0.017241379310344827,0.034482758620689655,0.034482758620689655,0.017241379310344827,0.017241379310344827,0.017241379310344827,0.017241379310344827,0.017241379310344827,0.017241379310344827,0.017241379310344827,0.017241379310344827,0.017241379310344827,0.017241379310344827,0.017241379310344827,0.017241379310344827,0.05172413793103448,0.017241379310344827,0.05172413793103448,0.017241379310344827,0.034482758620689655,0.017241379310344827,0.017241379310344827,0.034482758620689655,0.017241379310344827,0.017241379310344827,0.017241379310344827,0.017241379310344827,0.017241379310344827,0.017241379310344827,0.06896551724137931,0.017241379310344827,0.017241379310344827,0.002201415294846241
36,Helena,0.05172413793103448,0.017241379310344827,0.034482758620689655,0.017241379310344827,0.06896551724137931,0.017241379310344827,0.017241379310344827,0.017241379310344827,0.017241379310344827,0.017241379310344827,0.034482758620689655,0.034482758620689655,0.017241379310344827,0.017241379310344827,0.017241379310344827,0.017241379310344827,0.017241379310344827,0.017241379310344827,0.017241379310344827,0.017241379310344827,0.017241379310344827,0.017241379310344827,0.017241379310344827,0.017241379310344827,0.05172413793103448,0.017241379310344827,0.05172413793103448,0.017241379310344827,0.034482758620689655,0.017241379310344827,0.017241379310344827,0.034482758620689655,0.017241379310344827,0.017241379310344827,0.017241379310344827,0.017241379310344827,0.017241379310344827,0.017241379310344827,0.06896551724137931,0.017241379310344827,0.017241379310344827,0.02547981077767854
37,Homewood,0.05172413793103448,0.017241379310344827,0.034482758620689655,0.017241379310344827,0.06896551724137931,0.017241379310344827,0.017241379310344827,0.017241379310344827,0.017241379310344827,0.017241379310344827,0.034482758620689655,0.034482758620689655,0.017241379310344827,0.017241379310344827,0.017241379310344827,0.017241379310344827,0.017241379310344827,0.017241379310344827,0.017241379310344827,0.017241379310344827,0.017241379310344827,0.017241379310344827,0.017241379310344827,0.017241379310344827,0.05172413793103448,0.017241379310344827,0.05172413793103448,0.017241379310344827,0.034482758620689655,0.017241379310344827,0.017241379310344827,0.034482758620689655,0.017241379310344827,0.017241379310344827,0.017241379310344827,0.017241379310344827,0.017241379310344827,0.017241379310344827,0.06896551724137931,0.017241379310344827,0.017241379310344827,0.08338028287146369
38,Hoover,0.05172413793103448,0.017241379310344827,0.034482758620689655,0.017241379310344827,0.06896551724137931,0.017241379310344827,0.017241379310344827,0.017241379310344827,0.017241379310344827,0.017241379310344827,0.034482758620689655,0.034482758620689655,0.017241379310344827,0.017241379310344827,0.017241379310344827,0.017241379310344827,0.017241379310344827,0.017241379310344827,0.017241379310344827,0.017241379310344827,0.017241379310344827,0.017241379310344827,0.017241379310344827,0.017241379310344827,0.05172413793103448,0.017241379310344827,0.05172413793103448,0.017241379310344827,0.034482758620689655,0.017241379310344827,0.017241379310344827,0.034482758620689655,0.017241379310344827,0.017241379310344827,0.017241379310344827,0.017241379310344827,0.017241379310344827,0.017241379310344827,0.06896551724137931,0.017241379310344827,0.017241379310344827,0.02499294301930123
39,Hueytown,0.05172413793103448,0.017241379310344827,0.034482758620689655,0.017241379310344827,0.06896551724137931,0.017241379310344827,0.017241379310344827,0.017241379310344827,0.017241379310344827,0.017241379310344827,0.034482758620689655,0.034482758620689655,0.017241379310344827,0.017241379310344827,0.017241379310344827,0.017241379310344827,0.017241379310344827,0.017241379310344827,0.017241379310344827,0.017241379310344827,0.017241379310344827,0.017241379310344827,0.017241379310344827,0.017241379310344827,0.05172413793103448,0.017241379310344827,0.05172413793103448,0.017241379310344827,0.034482758620689655,0.017241379310344827,0.017241379310344827,0.034482758620689655,0.017241379310344827,0.017241379310344827,0.017241379310344827,0.017241379310344827,0.017241379310344827,0.017241379310344827,0.06896551724137931,0.017241379310344827,0.017241379310344827,0.056108572327393566
40,Indian Springs Village,0.05172413793103448,0.017241379310344827,0.034482758620689655,0.017241379310344827,0.06896551724137931,0.017241379310344827,0.017241379310344827,0.017241379310344827,0.017241379310344827,0.017241379310344827,0.034482758620689655,0.034482758620689655,0.017241379310344827,0.017241379310344827,0.017241379310344827,0.017241379310344827,0.017241379310344827,0.017241379310344827,0.017241379310344827,0.017241379310344827,0.017241379310344827,0.017241379310344827,0.017241379310344827,0.017241379310344827,0.05172413793103448,0.017241379310344827,0.05172413793103448,0.017241379310344827,0.034482758620689655,0.017241379310344827,0.017241379310344827,0.034482758620689655,0.017241379310344827,0.017241379310344827,0.017241379310344827,0.017241379310344827,0.017241379310344827,0.017241379310344827,0.06896551724137931,0.017241379310344827,0.017241379310344827,0.08050512167386065
41,Irondale,0.05172413793103448,0.017241379310344827,0.034482758620689655,0.017241379310344827,0.06896551724137931,0.017241379310344827,0.017241379310344827,0.017241379310344827,0.017241379310344827,0.017241379310344827,0.034482758620689655,0.034482758620689655,0.017241379310344827,0.017241379310344827,0.017241379310344827,0.017241379310344827,0.017241379310344827,0.017241379310344827,0.017241379310344827,0.017241379310344827,0.017241379310344827,0.017241379310344827,0.017241379310344827,0.017241379310344827,0.05172413793103448,0.017241379310344827,0.05172413793103448,0.017241379310344827,0.034482758620689655,0.017241379310344827,0.017241379310344827,0.034482758620689655,0.017241379310344827,0.017241379310344827,0.017241379310344827,0.017241379310344827,0.017241379310344827,0.017241379310344827,0.06896551724137931,0.017241379310344827,0.017241379310344827,0.0520794567499233
42,Jasper,0.05172413793103448,0.017241379310344827,0.034482758620689655,0.017241379310344827,0.06896551724137931,0.017241379310344827,0.017241379310344827,0.017241379310344827,0.017241379310344827,0.017241379310344827,0.034482758620689655,0.034482758620689655,0.017241379310344827,0.017241379310344827,0.017241379310344827,0.017241379310344827,0.017241379310344827,0.017241379310344827,0.017241379310344827,0.017241379310344827,0.017241379310344827,0.017241379310344827,0.017241379310344827,0.017241379310344827,0.05172413793103448,0.017241379310344827,0.05172413793103448,0.017241379310344827,0.034482758620689655,0.017241379310344827,0.017241379310344827,0.034482758620689655,0.017241379310344827,0.017241379310344827,0.017241379310344827,0.017241379310344827,0.017241379310344827,0.017241379310344827,0.06896551724137931,0.017241379310344827,0.017241379310344827,0.016071949692619273
43,Jemison,0.05172413793103448,0.017241379310344827,0.034482758620689655,0.017241379310344827,0.06896551724137931,0.017241379310344827,0.017241379310344827,0.017241379310344827,0.017241379310344827,0.017241379310344827,0.034482758620689655,0.034482758620689655,0.017241379310344827,0.017241379310344827,0.017241379310344827,0.017241379310344827,0.017241379310344827,0.017241379310344827,0.017241379310344827,0.017241379310344827,0.017241379310344827,0.017241379310344827,0.017241379310344827,0.017241379310344827,0.05172413793103448,0.017241379310344827,0.05172413793103448,0.017241379310344827,0.034482758620689655,0.017241379310344827,0.017241379310344827,0.034482758620689655,0.017241379310344827,0.017241379310344827,0.017241379310344827,0.017241379310344827,0.017241379310344827,0.017241379310344827,0.06896551724137931,0.017241379310344827,0.017241379310344827,0.030726595197187113
44,Kimberly,0.05172413793103448,0.017241379310344827,0.034482758620689655,0.017241379310344827,0.06896551724137931,0.017241379310344827,0.017241379310344827,0.017241379310344827,0.017241379310344827,0.017241379310344827,0.034482758620689655,0.034482758620689655,0.017241379310344827,0.017241379310344827,0.017241379310344827,0.017241379310344827,0.017241379310344827,0.017241379310344827,0.017241379310344827,0.017241379310344827,0.017241379310344827,0.017241379310344827,0.017241379310344827,0.017241379310344827,0.05172413793103448,0.017241379310344827,0.05172413793103448,0.017241379310344827,0.034482758620689655,0.017241379310344827,0.017241379310344827,0.034482758620689655,0.017241379310344827,0.017241379310344827,0.017241379310344827,0.017241379310344827,0.017241379310344827,0.017241379310344827,0.06896551724137931,0.017241379310344827,0.017241379310344827,0.02770316592770705
45,Lake View,0.05172413793103448,0.017241379310344827,0.034482758620689655,0.017241379310344827,0.06896551724137931,0.017241379310344827,0.017241379310344827,0.017241379310344827,0.017241379310344827,0.017241379310344827,0.034482758620689655,0.034482758620689655,0.017241379310344827,0.017241379310344827,0.017241379310344827,0.017241379310344827,0.017241379310344827,0.017241379310344827,0.017241379310344827,0.017241379310344827,0.017241379310344827,0.017241379310344827,0.017241379310344827,0.017241379310344827,0.05172413793103448,0.017241379310344827,0.05172413793103448,0.017241379310344827,0.034482758620689655,0.017241379310344827,0.017241379310344827,0.034482758620689655,0.017241379310344827,0.017241379310344827,0.017241379310344827,0.017241379310344827,0.017241379310344827,0.017241379310344827,0.06896551724137931,0.017241379310344827,0.017241379310344827,0.006163962825569475
46,Lakeview,0.05172413793103448,0.017241379310344827,0.034482758620689655,0.017241379310344827,0.06896551724137931,0.017241379310344827,0.017241379310344827,0.017241379310344827,0.017241379310344827,0.017241379310344827,0.034482758620689655,0.034482758620689655,0.017241379310344827,0.017241379310344827,0.017241379310344827,0.017241379310344827,0.017241379310344827,0.017241379310344827,0.017241379310344827,0.017241379310344827,0.017241379310344827,0.017241379310344827,0.017241379310344827,0.017241379310344827,0.05172413793103448,0.017241379310344827,0.05172413793103448,0.017241379310344827,0.034482758620689655,0.017241379310344827,0.017241379310344827,0.034482758620689655,0.017241379310344827,0.017241379310344827,0.017241379310344827,0.017241379310344827,0.017241379310344827,0.017241379310344827,0.06896551724137931,0.017241379310344827,0.017241379310344827,0.03307216466907812
47,Lawley,0.05172413793103448,0.017241379310344827,0.034482758620689655,0.017241379310344827,0.06896551724137931,0.017241379310344827,0.017241379310344827,0.017241379310344827,0.017241379310344827,0.017241379310344827,0.034482758620689655,0.034482758620689655,0.017241379310344827,0.017241379310344827,0.017241379310344827,0.017241379310344827,0.017241379310344827,0.017241379310344827,0.017241379310344827,0.017241379310344827,0.017241379310344827,0.017241379310344827,0.017241379310344827,0.017241379310344827,0.05172413793103448,0.017241379310344827,0.05172413793103448,0.017241379310344827,0.034482758620689655,0.017241379310344827,0.017241379310344827,0.034482758620689655,0.017241379310344827,0.017241379310344827,0.017241379310344827,0.017241379310344827,0.017241379310344827,0.017241379310344827,0.06896551724137931,0.017241379310344827,0.017241379310344827,0.0750224996338152
48,Leeds,0.05172413793103448,0.017241379310344827,0.034482758620689655,0.017241379310344827,0.06896551724137931,0.017241379310344827,0.017241379310344827,0.017241379310344827,0.017241379310344827,0.017241379310344827,0.034482758620689655,0.034482758620689655,0.017241379310344827,0.017241379310344827,0.017241379310344827,0.017241379310344827,0.017241379310344827,0.017241379310344827,0.017241379310344827,0.017241379310344827,0.017241379310344827,0.017241379310344827,0.017241379310344827,0.017241379310344827,0.05172413793103448,0.017241379310344827,0.05172413793103448,0.017241379310344827,0.034482758620689655,0.017241379310344827,0.017241379310344827,0.034482758620689655,0.017241379310344827,0.017241379310344827,0.017241379310344827,0.017241379310344827,0.017241379310344827,0.017241379310344827,0.06896551724137931,0.017241379310344827,0.017241379310344827,0.05019695223353408
49,Lipscomb,0.05172413793103448,0.017241379310344827,0.034482758620689655,0.017241379310344827,0.06896551724137931,0.017241379310344827,0.017241379310344827,0.017241379310344827,0.017241379310344827,0.017241379310344827,0.034482758620689655,0.034482758620689655,0.017241379310344827,0.017241379310344827,0.017241379310344827,0.017241379310344827,0.017241379310344827,0.017241379310344827,0.017241379310344827,0.017241379310344827,0.017241379310344827,0.017241379310344827,0.017241379310344827,0.017241379310344827,0.05172413793103448,0.017241379310344827,0.05172413793103448,0.017241379310344827,0.034482758620689655,0.017241379310344827,0.017241379310344827,0.034482758620689655,0.017241379310344827,0.017241379310344827,0.017241379310344827,0.017241379310344827,0.017241379310344827,0.017241379310344827,0.06896551724137931,0.017241379310344827,0.017241379310344827,0.0035183321936835665
50,Locust Fork,0.05172413793103448,0.017241379310344827,0.034482758620689655,0.017241379310344827,0.06896551724137931,0.017241379310344827,0.017241379310344827,0.017241379310344827,0.017241379310344827,0.017241379310344827,0.034482758620689655,0.034482758620689655,0.017241379310344827,0.017241379310344827,0.017241379310344827,0.017241379310344827,0.017241379310344827,0.017241379310344827,0.017241379310344827,0.017241379310344827,0.017241379310344827,0.017241379310344827,0.017241379310344827,0.017241379310344827,0.05172413793103448,0.017241379310344827,0.05172413793103448,0.017241379310344827,0.034482758620689655,0.017241379310344827,0.017241379310344827,0.034482758620689655,0.017241379310344827,0.017241379310344827,0.017241379310344827,0.017241379310344827,0.017241379310344827,0.017241379310344827,0.06896551724137931,0.017241379310344827,0.017241379310344827,0.05373646479412319
51,Maplesville,0.05172413793103448,0.017241379310344827,0.034482758620689655,0.017241379310344827,0.06896551724137931,0.017241379310344827,0.017241379310344827,0.017241379310344827,0.017241379310344827,0.017241379310344827,0.034482758620689655,0.034482758620689655,0.017241379310344827,0.017241379310344827,0.017241379310344827,0.017241379310344827,0.017241379310344827,0.017241379310344827,0.017241379310344827,0.017241379310344827,0.017241379310344827,0.017241379310344827,0.017241379310344827,0.017241379310344827,0.05172413793103448,0.017241379310344827,0.05172413793103448,0.017241379310344827,0.034482758620689655,0.017241379310344827,0.017241379310344827,0.034482758620689655,0.017241379310344827,0.017241379310344827,0.017241379310344827,0.017241379310344827,0.017241379310344827,0.017241379310344827,0.06896551724137931,0.017241379310344827,0.017241379310344827,0.05615397651784977
52,Marbury,0.05172413793103448,0.017241379310344827,0.034482758620689655,0.017241379310344827,0.06896551724137931,0.017241379310344827,0.017241379310344827,0.017241379310344827,0.017241379310344827,0.017241379310344827,0.034482758620689655,0.034482758620689655,0.017241379310344827,0.017241379310344827,0.017241379310344827,0.017241379310344827,0.017241379310344827,0.017241379310344827,0.017241379310344827,0.017241379310344827,0.017241379310344827,0.017241379310344827,0.017241379310344827,0.017241379310344827,0.05172413793103448,0.017241379310344827,0.05172413793103448,0.017241379310344827,0.034482758620689655,0.017241379310344827,0.017241379310344827,0.034482758620689655,0.017241379310344827,0.017241379310344827,0.017241379310344827,0.017241379310344827,0.017241379310344827,0.017241379310344827,0.06896551724137931,0.017241379310344827,0.017241379310344827,0.10083857934955062
53,Margaret,0.05172413793103448,0.017241379310344827,0.034482758620689655,0.017241379310344827,0.06896551724137931,0.017241379310344827,0.017241379310344827,0.017241379310344827,0.017241379310344827,0.017241379310344827,0.034482758620689655,0.034482758620689655,0.017241379310344827,0.017241379310344827,0.017241379310344827,0.017241379310344827,0.017241379310344827,0.017241379310344827,0.017241379310344827,0.017241379310344827,0.017241379310344827,0.017241379310344827,0.017241379310344827,0.017241379310344827,0.05172413793103448,0.017241379310344827,0.05172413793103448,0.017241379310344827,0.034482758620689655,0.017241379310344827,0.017241379310344827,0.034482758620689655,0.017241379310344827,0.017241379310344827,0.017241379310344827,0.017241379310344827,0.017241379310344827,0.017241379310344827,0.06896551724137931,0.017241379310344827,0.017241379310344827,0.0
54,Maylene,0.05172413793103448,0.017241379310344827,0.034482758620689655,0.017241379310344827,0.06896551724137931,0.017241379310344827,0.017241379310344827,0.017241379310344827,0.017241379310344827,0.017241379310344827,0.034482758620689655,0.034482758620689655,0.017241379310344827,0.017241379310344827,0.017241379310344827,0.017241379310344827,0.017241379310344827,0.017241379310344827,0.017241379310344827,0.017241379310344827,0.017241379310344827,0.017241379310344827,0.017241379310344827,0.017241379310344827,0.05172413793103448,0.017241379310344827,0.05172413793103448,0.017241379310344827,0.034482758620689655,0.017241379310344827,0.017241379310344827,0.034482758620689655,0.017241379310344827,0.017241379310344827,0.017241379310344827,0.017241379310344827,0.017241379310344827,0.017241379310344827,0.06896551724137931,0.017241379310344827,0.017241379310344827,0.14928347468176073
55,McCalla,0.05172413793103448,0.017241379310344827,0.034482758620689655,0.017241379310344827,0.06896551724137931,0.017241379310344827,0.017241379310344827,0.017241379310344827,0.017241379310344827,0.017241379310344827,0.034482758620689655,0.034482758620689655,0.017241379310344827,0.017241379310344827,0.017241379310344827,0.017241379310344827,0.017241379310344827,0.017241379310344827,0.017241379310344827,0.017241379310344827,0.017241379310344827,0.017241379310344827,0.017241379310344827,0.017241379310344827,0.05172413793103448,0.017241379310344827,0.05172413793103448,0.017241379310344827,0.034482758620689655,0.017241379310344827,0.017241379310344827,0.034482758620689655,0.017241379310344827,0.017241379310344827,0.017241379310344827,0.017241379310344827,0.017241379310344827,0.017241379310344827,0.06896551724137931,0.017241379310344827,0.017241379310344827,0.048843901854400976
56,Midfield,0.05172413793103448,0.017241379310344827,0.034482758620689655,0.017241379310344827,0.06896551724137931,0.017241379310344827,0.017241379310344827,0.017241379310344827,0.017241379310344827,0.017241379310344827,0.034482758620689655,0.034482758620689655,0.017241379310344827,0.017241379310344827,0.017241379310344827,0.017241379310344827,0.017241379310344827,0.017241379310344827,0.017241379310344827,0.017241379310344827,0.017241379310344827,0.017241379310344827,0.017241379310344827,0.017241379310344827,0.05172413793103448,0.017241379310344827,0.05172413793103448,0.017241379310344827,0.034482758620689655,0.017241379310344827,0.017241379310344827,0.034482758620689655,0.017241379310344827,0.017241379310344827,0.017241379310344827,0.017241379310344827,0.017241379310344827,0.017241379310344827,0.06896551724137931,0.017241379310344827,0.017241379310344827,0.09958536590580791
57,Minor,0.05172413793103448,0.017241379310344827,0.034482758620689655,0.017241379310344827,0.06896551724137931,0.017241379310344827,0.017241379310344827,0.017241379310344827,0.017241379310344827,0.017241379310344827,0.034482758620689655,0.034482758620689655,0.017241379310344827,0.017241379310344827,0.017241379310344827,0.017241379310344827,0.017241379310344827,0.017241379310344827,0.017241379310344827,0.017241379310344827,0.017241379310344827,0.017241379310344827,0.017241379310344827,0.017241379310344827,0.05172413793103448,0.017241379310344827,0.05172413793103448,0.017241379310344827,0.034482758620689655,0.017241379310344827,0.017241379310344827,0.034482758620689655,0.017241379310344827,0.017241379310344827,0.017241379310344827,0.017241379310344827,0.017241379310344827,0.017241379310344827,0.06896551724137931,0.017241379310344827,0.017241379310344827,0.4657369233159079
58,Montevallo,0.05172413793103448,0.017241379310344827,0.034482758620689655,0.017241379310344827,0.06896551724137931,0.017241379310344827,0.017241379310344827,0.017241379310344827,0.017241379310344827,0.017241379310344827,0.034482758620689655,0.034482758620689655,0.017241379310344827,0.017241379310344827,0.017241379310344827,0.017241379310344827,0.017241379310344827,0.017241379310344827,0.017241379310344827,0.017241379310344827,0.017241379310344827,0.017241379310344827,0.017241379310344827,0.017241379310344827,0.05172413793103448,0.017241379310344827,0.05172413793103448,0.017241379310344827,0.034482758620689655,0.017241379310344827,0.017241379310344827,0.034482758620689655,0.017241379310344827,0.017241379310344827,0.017241379310344827,0.017241379310344827,0.017241379310344827,0.017241379310344827,0.06896551724137931,0.017241379310344827,0.017241379310344827,0.044001148687493774
59,Moody,0.05172413793103448,0.017241379310344827,0.034482758620689655,0.017241379310344827,0.06896551724137931,0.017241379310344827,0.017241379310344827,0.017241379310344827,0.017241379310344827,0.017241379310344827,0.034482758620689655,0.034482758620689655,0.017241379310344827,0.017241379310344827,0.017241379310344827,0.017241379310344827,0.017241379310344827,0.017241379310344827,0.017241379310344827,0.017241379310344827,0.017241379310344827,0.017241379310344827,0.017241379310344827,0.017241379310344827,0.05172413793103448,0.017241379310344827,0.05172413793103448,0.017241379310344827,0.034482758620689655,0.017241379310344827,0.017241379310344827,0.034482758620689655,0.017241379310344827,0.017241379310344827,0.017241379310344827,0.017241379310344827,0.017241379310344827,0.017241379310344827,0.06896551724137931,0.017241379310344827,0.017241379310344827,0.04636730964769895
60,Morris,0.05172413793103448,0.017241379310344827,0.034482758620689655,0.017241379310344827,0.06896551724137931,0.017241379310344827,0.017241379310344827,0.017241379310344827,0.017241379310344827,0.017241379310344827,0.034482758620689655,0.034482758620689655,0.017241379310344827,0.017241379310344827,0.017241379310344827,0.017241379310344827,0.017241379310344827,0.017241379310344827,0.017241379310344827,0.017241379310344827,0.017241379310344827,0.017241379310344827,0.017241379310344827,0.017241379310344827,0.05172413793103448,0.017241379310344827,0.05172413793103448,0.017241379310344827,0.034482758620689655,0.017241379310344827,0.017241379310344827,0.034482758620689655,0.017241379310344827,0.017241379310344827,0.017241379310344827,0.017241379310344827,0.017241379310344827,0.017241379310344827,0.06896551724137931,0.017241379310344827,0.017241379310344827,0.05283396707630979
61,Mount Olive,0.05172413793103448,0.017241379310344827,0.034482758620689655,0.017241379310344827,0.06896551724137931,0.017241379310344827,0.017241379310344827,0.017241379310344827,0.017241379310344827,0.017241379310344827,0.034482758620689655,0.034482758620689655,0.017241379310344827,0.017241379310344827,0.017241379310344827,0.017241379310344827,0.017241379310344827,0.017241379310344827,0.017241379310344827,0.017241379310344827,0.017241379310344827,0.017241379310344827,0.017241379310344827,0.017241379310344827,0.05172413793103448,0.017241379310344827,0.05172413793103448,0.017241379310344827,0.034482758620689655,0.017241379310344827,0.017241379310344827,0.034482758620689655,0.017241379310344827,0.017241379310344827,0.017241379310344827,0.017241379310344827,0.017241379310344827,0.017241379310344827,0.06896551724137931,0.017241379310344827,0.017241379310344827,0.15142000326079136
62,Mountain Brook,0.05172413793103448,0.017241379310344827,0.034482758620689655,0.017241379310344827,0.06896551724137931,0.017241379310344827,0.017241379310344827,0.017241379310344827,0.017241379310344827,0.017241379310344827,0.034482758620689655,0.034482758620689655,0.017241379310344827,0.017241379310344827,0.017241379310344827,0.017241379310344827,0.017241379310344827,0.017241379310344827,0.017241379310344827,0.017241379310344827,0.017241379310344827,0.017241379310344827,0.017241379310344827,0.017241379310344827,0.05172413793103448,0.017241379310344827,0.05172413793103448,0.017241379310344827,0.034482758620689655,0.017241379310344827,0.017241379310344827,0.034482758620689655,0.017241379310344827,0.017241379310344827,0.017241379310344827,0.017241379310344827,0.017241379310344827,0.017241379310344827,0.06896551724137931,0.017241379310344827,0.017241379310344827,0.018565269903793005
63,Mulga,0.05172413793103448,0.017241379310344827,0.034482758620689655,0.017241379310344827,0.06896551724137931,0.017241379310344827,0.017241379310344827,0.017241379310344827,0.017241379310344827,0.017241379310344827,0.034482758620689655,0.034482758620689655,0.017241379310344827,0.017241379310344827,0.017241379310344827,0.017241379310344827,0.017241379310344827,0.017241379310344827,0.017241379310344827,0.017241379310344827,0.017241379310344827,0.017241379310344827,0.017241379310344827,0.017241379310344827,0.05172413793103448,0.017241379310344827,0.05172413793103448,0.017241379310344827,0.034482758620689655,0.017241379310344827,0.017241379310344827,0.034482758620689655,0.017241379310344827,0.017241379310344827,0.017241379310344827,0.017241379310344827,0.017241379310344827,0.017241379310344827,0.06896551724137931,0.017241379310344827,0.017241379310344827,0.17267351218950203
64,Nauvoo,0.05172413793103448,0.017241379310344827,0.034482758620689655,0.017241379310344827,0.06896551724137931,0.017241379310344827,0.017241379310344827,0.017241379310344827,0.017241379310344827,0.017241379310344827,0.034482758620689655,0.034482758620689655,0.017241379310344827,0.017241379310344827,0.017241379310344827,0.017241379310344827,0.017241379310344827,0.017241379310344827,0.017241379310344827,0.017241379310344827,0.017241379310344827,0.017241379310344827,0.017241379310344827,0.017241379310344827,0.05172413793103448,0.017241379310344827,0.05172413793103448,0.017241379310344827,0.034482758620689655,0.017241379310344827,0.017241379310344827,0.034482758620689655,0.017241379310344827,0.017241379310344827,0.017241379310344827,0.017241379310344827,0.017241379310344827,0.017241379310344827,0.06896551724137931,0.017241379310344827,0.017241379310344827,0.050453686788757286
65,New Castle,0.05172413793103448,0.017241379310344827,0.034482758620689655,0.017241379310344827,0.06896551724137931,0.017241379310344827,0.017241379310344827,0.017241379310344827,0.017241379310344827,0.017241379310344827,0.034482758620689655,0.034482758620689655,0.017241379310344827,0.017241379310344827,0.017241379310344827,0.017241379310344827,0.017241379310344827,0.017241379310344827,0.017241379310344827,0.017241379310344827,0.017241379310344827,0.017241379310344827,0.017241379310344827,0.017241379310344827,0.05172413793103448,0.017241379310344827,0.05172413793103448,0.017241379310344827,0.034482758620689655,0.017241379310344827,0.017241379310344827,0.034482758620689655,0.017241379310344827,0.017241379310344827,0.017241379310344827,0.017241379310344827,0.017241379310344827,0.017241379310344827,0.06896551724137931,0.017241379310344827,0.017241379310344827,0.22647059845730705
66,Oak Grove,0.05172413793103448,0.017241379310344827,0.034482758620689655,0.017241379310344827,0.06896551724137931,0.017241379310344827,0.017241379310344827,0.017241379310344827,0.017241379310344827,0.017241379310344827,0.034482758620689655,0.034482758620689655,0.017241379310344827,0.017241379310344827,0.017241379310344827,0.017241379310344827,0.017241379310344827,0.017241379310344827,0.017241379310344827,0.017241379310344827,0.017241379310344827,0.017241379310344827,0.017241379310344827,0.017241379310344827,0.05172413793103448,0.017241379310344827,0.05172413793103448,0.017241379310344827,0.034482758620689655,0.017241379310344827,0.017241379310344827,0.034482758620689655,0.017241379310344827,0.017241379310344827,0.017241379310344827,0.017241379310344827,0.017241379310344827,0.017241379310344827,0.06896551724137931,0.017241379310344827,0.017241379310344827,0.20431885705291675
67,Odenville,0.05172413793103448,0.017241379310344827,0.034482758620689655,0.017241379310344827,0.06896551724137931,0.017241379310344827,0.017241379310344827,0.017241379310344827,0.017241379310344827,0.017241379310344827,0.034482758620689655,0.034482758620689655,0.017241379310344827,0.017241379310344827,0.017241379310344827,0.017241379310344827,0.017241379310344827,0.017241379310344827,0.017241379310344827,0.017241379310344827,0.017241379310344827,0.017241379310344827,0.017241379310344827,0.017241379310344827,0.05172413793103448,0.017241379310344827,0.05172413793103448,0.017241379310344827,0.034482758620689655,0.017241379310344827,0.017241379310344827,0.034482758620689655,0.017241379310344827,0.017241379310344827,0.017241379310344827,0.017241379310344827,0.017241379310344827,0.017241379310344827,0.06896551724137931,0.017241379310344827,0.017241379310344827,0.08997589920804662
68,Oneonta,0.05172413793103448,0.017241379310344827,0.034482758620689655,0.017241379310344827,0.06896551724137931,0.017241379310344827,0.017241379310344827,0.017241379310344827,0.017241379310344827,0.017241379310344827,0.034482758620689655,0.034482758620689655,0.017241379310344827,0.017241379310344827,0.017241379310344827,0.017241379310344827,0.017241379310344827,0.017241379310344827,0.017241379310344827,0.017241379310344827,0.017241379310344827,0.017241379310344827,0.017241379310344827,0.017241379310344827,0.05172413793103448,0.017241379310344827,0.05172413793103448,0.017241379310344827,0.034482758620689655,0.017241379310344827,0.017241379310344827,0.034482758620689655,0.017241379310344827,0.017241379310344827,0.017241379310344827,0.017241379310344827,0.017241379310344827,0.017241379310344827,0.06896551724137931,0.017241379310344827,0.017241379310344827,0.050804595138524894
69,Parrish,0.05172413793103448,0.017241379310344827,0.034482758620689655,0.017241379310344827,0.06896551724137931,0.017241379310344827,0.017241379310344827,0.017241379310344827,0.017241379310344827,0.017241379310344827,0.034482758620689655,0.034482758620689655,0.017241379310344827,0.017241379310344827,0.017241379310344827,0.017241379310344827,0.017241379310344827,0.017241379310344827,0.017241379310344827,0.017241379310344827,0.017241379310344827,0.017241379310344827,0.017241379310344827,0.017241379310344827,0.05172413793103448,0.017241379310344827,0.05172413793103448,0.017241379310344827,0.034482758620689655,0.017241379310344827,0.017241379310344827,0.034482758620689655,0.017241379310344827,0.017241379310344827,0.017241379310344827,0.017241379310344827,0.017241379310344827,0.017241379310344827,0.06896551724137931,0.017241379310344827,0.017241379310344827,0.09122114628019111
70,Pelham,0.05172413793103448,0.017241379310344827,0.034482758620689655,0.017241379310344827,0.06896551724137931,0.017241379310344827,0.017241379310344827,0.017241379310344827,0.017241379310344827,0.017241379310344827,0.034482758620689655,0.034482758620689655,0.017241379310344827,0.017241379310344827,0.017241379310344827,0.017241379310344827,0.017241379310344827,0.017241379310344827,0.017241379310344827,0.017241379310344827,0.017241379310344827,0.017241379310344827,0.017241379310344827,0.017241379310344827,0.05172413793103448,0.017241379310344827,0.05172413793103448,0.017241379310344827,0.034482758620689655,0.017241379310344827,0.017241379310344827,0.034482758620689655,0.017241379310344827,0.017241379310344827,0.017241379310344827,0.017241379310344827,0.017241379310344827,0.017241379310344827,0.06896551724137931,0.017241379310344827,0.017241379310344827,0.05762204534260036
71,Pell City,0.05172413793103448,0.017241379310344827,0.034482758620689655,0.017241379310344827,0.06896551724137931,0.017241379310344827,0.017241379310344827,0.017241379310344827,0.017241379310344827,0.017241379310344827,0.034482758620689655,0.034482758620689655,0.017241379310344827,0.017241379310344827,0.017241379310344827,0.017241379310344827,0.017241379310344827,0.017241379310344827,0.017241379310344827,0.017241379310344827,0.017241379310344827,0.017241379310344827,0.017241379310344827,0.017241379310344827,0.05172413793103448,0.017241379310344827,0.05172413793103448,0.017241379310344827,0.034482758620689655,0.017241379310344827,0.017241379310344827,0.034482758620689655,0.017241379310344827,0.017241379310344827,0.017241379310344827,0.017241379310344827,0.017241379310344827,0.017241379310344827,0.06896551724137931,0.017241379310344827,0.017241379310344827,0.09413802154586239
72,Pinson,0.05172413793103448,0.017241379310344827,0.034482758620689655,0.017241379310344827,0.06896551724137931,0.017241379310344827,0.017241379310344827,0.017241379310344827,0.017241379310344827,0.017241379310344827,0.034482758620689655,0.034482758620689655,0.017241379310344827,0.017241379310344827,0.017241379310344827,0.017241379310344827,0.017241379310344827,0.017241379310344827,0.017241379310344827,0.017241379310344827,0.017241379310344827,0.017241379310344827,0.017241379310344827,0.017241379310344827,0.05172413793103448,0.017241379310344827,0.05172413793103448,0.017241379310344827,0.034482758620689655,0.017241379310344827,0.017241379310344827,0.034482758620689655,0.017241379310344827,0.017241379310344827,0.017241379310344827,0.017241379310344827,0.017241379310344827,0.017241379310344827,0.06896551724137931,0.017241379310344827,0.017241379310344827,0.028996767086802832
73,Pleasant Grove,0.05172413793103448,0.017241379310344827,0.034482758620689655,0.017241379310344827,0.06896551724137931,0.017241379310344827,0.017241379310344827,0.017241379310344827,0.017241379310344827,0.017241379310344827,0.034482758620689655,0.034482758620689655,0.017241379310344827,0.017241379310344827,0.017241379310344827,0.017241379310344827,0.017241379310344827,0.017241379310344827,0.017241379310344827,0.017241379310344827,0.017241379310344827,0.017241379310344827,0.017241379310344827,0.017241379310344827,0.05172413793103448,0.017241379310344827,0.05172413793103448,0.017241379310344827,0.034482758620689655,0.017241379310344827,0.017241379310344827,0.034482758620689655,0.017241379310344827,0.017241379310344827,0.017241379310344827,0.017241379310344827,0.017241379310344827,0.017241379310344827,0.06896551724137931,0.017241379310344827,0.017241379310344827,0.07621060897198195
74,Quinton,0.05172413793103448,0.017241379310344827,0.034482758620689655,0.017241379310344827,0.06896551724137931,0.017241379310344827,0.017241379310344827,0.017241379310344827,0.017241379310344827,0.017241379310344827,0.034482758620689655,0.034482758620689655,0.017241379310344827,0.017241379310344827,0.017241379310344827,0.017241379310344827,0.017241379310344827,0.017241379310344827,0.017241379310344827,0.017241379310344827,0.017241379310344827,0.017241379310344827,0.017241379310344827,0.017241379310344827,0.05172413793103448,0.017241379310344827,0.05172413793103448,0.017241379310344827,0.034482758620689655,0.017241379310344827,0.017241379310344827,0.034482758620689655,0.017241379310344827,0.017241379310344827,0.017241379310344827,0.017241379310344827,0.017241379310344827,0.017241379310344827,0.06896551724137931,0.017241379310344827,0.017241379310344827,0.0501922687224943
75,Ragland,0.05172413793103448,0.017241379310344827,0.034482758620689655,0.017241379310344827,0.06896551724137931,0.017241379310344827,0.017241379310344827,0.017241379310344827,0.017241379310344827,0.017241379310344827,0.034482758620689655,0.034482758620689655,0.017241379310344827,0.017241379310344827,0.017241379310344827,0.017241379310344827,0.017241379310344827,0.017241379310344827,0.017241379310344827,0.017241379310344827,0.017241379310344827,0.017241379310344827,0.017241379310344827,0.017241379310344827,0.05172413793103448,0.017241379310344827,0.05172413793103448,0.017241379310344827,0.034482758620689655,0.017241379310344827,0.017241379310344827,0.034482758620689655,0.017241379310344827,0.017241379310344827,0.017241379310344827,0.017241379310344827,0.017241379310344827,0.017241379310344827,0.06896551724137931,0.017241379310344827,0.017241379310344827,0.01255357071886069
76,Randolph,0.05172413793103448,0.017241379310344827,0.034482758620689655,0.017241379310344827,0.06896551724137931,0.017241379310344827,0.017241379310344827,0.017241379310344827,0.017241379310344827,0.017241379310344827,0.034482758620689655,0.034482758620689655,0.017241379310344827,0.017241379310344827,0.017241379310344827,0.017241379310344827,0.017241379310344827,0.017241379310344827,0.017241379310344827,0.017241379310344827,0.017241379310344827,0.017241379310344827,0.017241379310344827,0.017241379310344827,0.05172413793103448,0.017241379310344827,0.05172413793103448,0.017241379310344827,0.034482758620689655,0.017241379310344827,0.017241379310344827,0.034482758620689655,0.017241379310344827,0.017241379310344827,0.017241379310344827,0.017241379310344827,0.017241379310344827,0.017241379310344827,0.06896551724137931,0.017241379310344827,0.017241379310344827,0.08611583306283671
77,Remlap,0.05172413793103448,0.017241379310344827,0.034482758620689655,0.017241379310344827,0.06896551724137931,0.017241379310344827,0.017241379310344827,0.017241379310344827,0.017241379310344827,0.017241379310344827,0.034482758620689655,0.034482758620689655,0.017241379310344827,0.017241379310344827,0.017241379310344827,0.017241379310344827,0.017241379310344827,0.017241379310344827,0.017241379310344827,0.017241379310344827,0.017241379310344827,0.017241379310344827,0.017241379310344827,0.017241379310344827,0.05172413793103448,0.017241379310344827,0.05172413793103448,0.017241379310344827,0.034482758620689655,0.017241379310344827,0.017241379310344827,0.034482758620689655,0.017241379310344827,0.017241379310344827,0.017241379310344827,0.017241379310344827,0.017241379310344827,0.017241379310344827,0.06896551724137931,0.017241379310344827,0.017241379310344827,0.0061777216711622635
78,Riverside,0.05172413793103448,0.017241379310344827,0.034482758620689655,0.017241379310344827,0.06896551724137931,0.017241379310344827,0.017241379310344827,0.017241379310344827,0.017241379310344827,0.017241379310344827,0.034482758620689655,0.034482758620689655,0.017241379310344827,0.017241379310344827,0.017241379310344827,0.017241379310344827,0.017241379310344827,0.017241379310344827,0.017241379310344827,0.017241379310344827,0.017241379310344827,0.017241379310344827,0.017241379310344827,0.017241379310344827,0.05172413793103448,0.017241379310344827,0.05172413793103448,0.017241379310344827,0.034482758620689655,0.017241379310344827,0.017241379310344827,0.034482758620689655,0.017241379310344827,0.017241379310344827,0.017241379310344827,0.017241379310344827,0.017241379310344827,0.017241379310344827,0.06896551724137931,0.017241379310344827,0.017241379310344827,0.004788078266290574
79,Shelby,0.05172413793103448,0.017241379310344827,0.034482758620689655,0.017241379310344827,0.06896551724137931,0.017241379310344827,0.017241379310344827,0.017241379310344827,0.017241379310344827,0.017241379310344827,0.034482758620689655,0.034482758620689655,0.017241379310344827,0.017241379310344827,0.017241379310344827,0.017241379310344827,0.017241379310344827,0.017241379310344827,0.017241379310344827,0.017241379310344827,0.017241379310344827,0.017241379310344827,0.017241379310344827,0.017241379310344827,0.05172413793103448,0.017241379310344827,0.05172413793103448,0.017241379310344827,0.034482758620689655,0.017241379310344827,0.017241379310344827,0.034482758620689655,0.017241379310344827,0.017241379310344827,0.017241379310344827,0.017241379310344827,0.017241379310344827,0.017241379310344827,0.06896551724137931,0.017241379310344827,0.017241379310344827,0.012482024721778187
80,Springville,0.05172413793103448,0.017241379310344827,0.034482758620689655,0.017241379310344827,0.06896551724137931,0.017241379310344827,0.017241379310344827,0.017241379310344827,0.017241379310344827,0.017241379310344827,0.034482758620689655,0.034482758620689655,0.017241379310344827,0.017241379310344827,0.017241379310344827,0.017241379310344827,0.017241379310344827,0.017241379310344827,0.017241379310344827,0.017241379310344827,0.017241379310344827,0.017241379310344827,0.017241379310344827,0.017241379310344827,0.05172413793103448,0.017241379310344827,0.05172413793103448,0.017241379310344827,0.034482758620689655,0.017241379310344827,0.017241379310344827,0.034482758620689655,0.017241379310344827,0.017241379310344827,0.017241379310344827,0.017241379310344827,0.017241379310344827,0.017241379310344827,0.06896551724137931,0.017241379310344827,0.017241379310344827,0.035732897009886674
81,Steele,0.05172413793103448,0.017241379310344827,0.034482758620689655,0.017241379310344827,0.06896551724137931,0.017241379310344827,0.017241379310344827,0.017241379310344827,0.017241379310344827,0.017241379310344827,0.034482758620689655,0.034482758620689655,0.017241379310344827,0.017241379310344827,0.017241379310344827,0.017241379310344827,0.017241379310344827,0.017241379310344827,0.017241379310344827,0.017241379310344827,0.017241379310344827,0.017241379310344827,0.017241379310344827,0.017241379310344827,0.05172413793103448,0.017241379310344827,0.05172413793103448,0.017241379310344827,0.034482758620689655,0.017241379310344827,0.017241379310344827,0.034482758620689655,0.017241379310344827,0.017241379310344827,0.017241379310344827,0.017241379310344827,0.017241379310344827,0.017241379310344827,0.06896551724137931,0.017241379310344827,0.017241379310344827,0.042697137585822484
82,Sterrett,0.05172413793103448,0.017241379310344827,0.034482758620689655,0.017241379310344827,0.06896551724137931,0.017241379310344827,0.017241379310344827,0.017241379310344827,0.017241379310344827,0.017241379310344827,0.034482758620689655,0.034482758620689655,0.017241379310344827,0.017241379310344827,0.017241379310344827,0.017241379310344827,0.017241379310344827,0.017241379310344827,0.017241379310344827,0.017241379310344827,0.017241379310344827,0.017241379310344827,0.017241379310344827,0.017241379310344827,0.05172413793103448,0.017241379310344827,0.05172413793103448,0.017241379310344827,0.034482758620689655,0.017241379310344827,0.017241379310344827,0.034482758620689655,0.017241379310344827,0.017241379310344827,0.017241379310344827,0.017241379310344827,0.017241379310344827,0.017241379310344827,0.06896551724137931,0.017241379310344827,0.017241379310344827,0.014982590341041085
83,Sumiton,0.05172413793103448,0.017241379310344827,0.034482758620689655,0.017241379310344827,0.06896551724137931,0.017241379310344827,0.017241379310344827,0.017241379310344827,0.017241379310344827,0.017241379310344827,0.034482758620689655,0.034482758620689655,0.017241379310344827,0.017241379310344827,0.017241379310344827,0.017241379310344827,0.017241379310344827,0.017241379310344827,0.017241379310344827,0.017241379310344827,0.017241379310344827,0.017241379310344827,0.017241379310344827,0.017241379310344827,0.05172413793103448,0.017241379310344827,0.05172413793103448,0.017241379310344827,0.034482758620689655,0.017241379310344827,0.017241379310344827,0.034482758620689655,0.017241379310344827,0.017241379310344827,0.017241379310344827,0.017241379310344827,0.017241379310344827,0.017241379310344827,0.06896551724137931,0.017241379310344827,0.017241379310344827,0.010043957282735974
84,Sylvan Springs,0.05172413793103448,0.017241379310344827,0.034482758620689655,0.017241379310344827,0.06896551724137931,0.017241379310344827,0.017241379310344827,0.017241379310344827,0.017241379310344827,0.017241379310344827,0.034482758620689655,0.034482758620689655,0.017241379310344827,0.017241379310344827,0.017241379310344827,0.017241379310344827,0.017241379310344827,0.017241379310344827,0.017241379310344827,0.017241379310344827,0.017241379310344827,0.017241379310344827,0.017241379310344827,0.017241379310344827,0.05172413793103448,0.017241379310344827,0.05172413793103448,0.017241379310344827,0.034482758620689655,0.017241379310344827,0.017241379310344827,0.034482758620689655,0.017241379310344827,0.017241379310344827,0.017241379310344827,0.017241379310344827,0.017241379310344827,0.017241379310344827,0.06896551724137931,0.017241379310344827,0.017241379310344827,0.0473665375535679
85,Tarrant,0.05172413793103448,0.017241379310344827,0.034482758620689655,0.017241379310344827,0.06896551724137931,0.017241379310344827,0.017241379310344827,0.017241379310344827,0.017241379310344827,0.017241379310344827,0.034482758620689655,0.034482758620689655,0.017241379310344827,0.017241379310344827,0.017241379310344827,0.017241379310344827,0.017241379310344827,0.017241379310344827,0.017241379310344827,0.017241379310344827,0.017241379310344827,0.017241379310344827,0.017241379310344827,0.017241379310344827,0.05172413793103448,0.017241379310344827,0.05172413793103448,0.017241379310344827,0.034482758620689655,0.017241379310344827,0.017241379310344827,0.034482758620689655,0.017241379310344827,0.017241379310344827,0.017241379310344827,0.017241379310344827,0.017241379310344827,0.017241379310344827,0.06896551724137931,0.017241379310344827,0.017241379310344827,0.01260310256299473
86,Thorsby,0.05172413793103448,0.017241379310344827,0.034482758620689655,0.017241379310344827,0.06896551724137931,0.017241379310344827,0.017241379310344827,0.017241379310344827,0.017241379310344827,0.017241379310344827,0.034482758620689655,0.034482758620689655,0.017241379310344827,0.017241379310344827,0.017241379310344827,0.017241379310344827,0.017241379310344827,0.017241379310344827,0.017241379310344827,0.017241379310344827,0.017241379310344827,0.017241379310344827,0.017241379310344827,0.017241379310344827,0.05172413793103448,0.017241379310344827,0.05172413793103448,0.017241379310344827,0.034482758620689655,0.017241379310344827,0.017241379310344827,0.034482758620689655,0.017241379310344827,0.017241379310344827,0.017241379310344827,0.017241379310344827,0.017241379310344827,0.017241379310344827,0.06896551724137931,0.017241379310344827,0.017241379310344827,0.05255879016445401
87,Trafford,0.05172413793103448,0.017241379310344827,0.034482758620689655,0.017241379310344827,0.06896551724137931,0.017241379310344827,0.017241379310344827,0.017241379310344827,0.017241379310344827,0.017241379310344827,0.034482758620689655,0.034482758620689655,0.017241379310344827,0.017241379310344827,0.017241379310344827,0.017241379310344827,0.017241379310344827,0.017241379310344827,0.017241379310344827,0.017241379310344827,0.017241379310344827,0.017241379310344827,0.017241379310344827,0.017241379310344827,0.05172413793103448,0.017241379310344827,0.05172413793103448,0.017241379310344827,0.034482758620689655,0.017241379310344827,0.017241379310344827,0.034482758620689655,0.017241379310344827,0.017241379310344827,0.017241379310344827,0.017241379310344827,0.017241379310344827,0.017241379310344827,0.06896551724137931,0.017241379310344827,0.017241379310344827,0.10134401054240173
88,Trussville,0.05172413793103448,0.017241379310344827,0.034482758620689655,0.017241379310344827,0.06896551724137931,0.017241379310344827,0.017241379310344827,0.017241379310344827,0.017241379310344827,0.017241379310344827,0.034482758620689655,0.034482758620689655,0.017241379310344827,0.017241379310344827,0.017241379310344827,0.017241379310344827,0.017241379310344827,0.017241379310344827,0.017241379310344827,0.017241379310344827,0.017241379310344827,0.017241379310344827,0.017241379310344827,0.017241379310344827,0.05172413793103448,0.017241379310344827,0.05172413793103448,0.017241379310344827,0.034482758620689655,0.017241379310344827,0.017241379310344827,0.034482758620689655,0.017241379310344827,0.017241379310344827,0.017241379310344827,0.017241379310344827,0.017241379310344827,0.017241379310344827,0.06896551724137931,0.017241379310344827,0.017241379310344827,0.04358802283795557
89,Vandiver,0.05172413793103448,0.017241379310344827,0.034482758620689655,0.017241379310344827,0.06896551724137931,0.017241379310344827,0.017241379310344827,0.017241379310344827,0.017241379310344827,0.017241379310344827,0.034482758620689655,0.034482758620689655,0.017241379310344827,0.017241379310344827,0.017241379310344827,0.017241379310344827,0.017241379310344827,0.017241379310344827,0.017241379310344827,0.017241379310344827,0.017241379310344827,0.017241379310344827,0.017241379310344827,0.017241379310344827,0.05172413793103448,0.017241379310344827,0.05172413793103448,0.017241379310344827,0.034482758620689655,0.017241379310344827,0.017241379310344827,0.034482758620689655,0.017241379310344827,0.017241379310344827,0.017241379310344827,0.017241379310344827,0.017241379310344827,0.017241379310344827,0.06896551724137931,0.017241379310344827,0.017241379310344827,0.08048924671781568
90,Verbena,0.05172413793103448,0.017241379310344827,0.034482758620689655,0.017241379310344827,0.06896551724137931,0.017241379310344827,0.017241379310344827,0.017241379310344827,0.017241379310344827,0.017241379310344827,0.034482758620689655,0.034482758620689655,0.017241379310344827,0.017241379310344827,0.017241379310344827,0.017241379310344827,0.017241379310344827,0.017241379310344827,0.017241379310344827,0.017241379310344827,0.017241379310344827,0.017241379310344827,0.017241379310344827,0.017241379310344827,0.05172413793103448,0.017241379310344827,0.05172413793103448,0.017241379310344827,0.034482758620689655,0.017241379310344827,0.017241379310344827,0.034482758620689655,0.017241379310344827,0.017241379310344827,0.017241379310344827,0.017241379310344827,0.017241379310344827,0.017241379310344827,0.06896551724137931,0.017241379310344827,0.017241379310344827,0.011479945983102414
91,Vestavia Hills,0.05172413793103448,0.017241379310344827,0.034482758620689655,0.017241379310344827,0.06896551724137931,0.017241379310344827,0.017241379310344827,0.017241379310344827,0.017241379310344827,0.017241379310344827,0.034482758620689655,0.034482758620689655,0.017241379310344827,0.017241379310344827,0.017241379310344827,0.017241379310344827,0.017241379310344827,0.017241379310344827,0.017241379310344827,0.017241379310344827,0.017241379310344827,0.017241379310344827,0.017241379310344827,0.017241379310344827,0.05172413793103448,0.017241379310344827,0.05172413793103448,0.017241379310344827,0.034482758620689655,0.017241379310344827,0.017241379310344827,0.034482758620689655,0.017241379310344827,0.017241379310344827,0.017241379310344827,0.017241379310344827,0.017241379310344827,0.017241379310344827,0.06896551724137931,0.017241379310344827,0.017241379310344827,0.010869488018303316
92,Vincent,0.05172413793103448,0.017241379310344827,0.034482758620689655,0.017241379310344827,0.06896551724137931,0.017241379310344827,0.017241379310344827,0.017241379310344827,0.017241379310344827,0.017241379310344827,0.034482758620689655,0.034482758620689655,0.017241379310344827,0.017241379310344827,0.017241379310344827,0.017241379310344827,0.017241379310344827,0.017241379310344827,0.017241379310344827,0.017241379310344827,0.017241379310344827,0.017241379310344827,0.017241379310344827,0.017241379310344827,0.05172413793103448,0.017241379310344827,0.05172413793103448,0.017241379310344827,0.034482758620689655,0.017241379310344827,0.017241379310344827,0.034482758620689655,0.017241379310344827,0.017241379310344827,0.017241379310344827,0.017241379310344827,0.017241379310344827,0.017241379310344827,0.06896551724137931,0.017241379310344827,0.017241379310344827,0.07311957423879716
93,Warrior,0.05172413793103448,0.017241379310344827,0.034482758620689655,0.017241379310344827,0.06896551724137931,0.017241379310344827,0.017241379310344827,0.017241379310344827,0.017241379310344827,0.017241379310344827,0.034482758620689655,0.034482758620689655,0.017241379310344827,0.017241379310344827,0.017241379310344827,0.017241379310344827,0.017241379310344827,0.017241379310344827,0.017241379310344827,0.017241379310344827,0.017241379310344827,0.017241379310344827,0.017241379310344827,0.017241379310344827,0.05172413793103448,0.017241379310344827,0.05172413793103448,0.017241379310344827,0.034482758620689655,0.017241379310344827,0.017241379310344827,0.034482758620689655,0.017241379310344827,0.017241379310344827,0.017241379310344827,0.017241379310344827,0.017241379310344827,0.017241379310344827,0.06896551724137931,0.017241379310344827,0.017241379310344827,0.042375026499880585
94,West Blocton,0.05172413793103448,0.017241379310344827,0.034482758620689655,0.017241379310344827,0.06896551724137931,0.017241379310344827,0.017241379310344827,0.017241379310344827,0.017241379310344827,0.017241379310344827,0.034482758620689655,0.034482758620689655,0.017241379310344827,0.017241379310344827,0.017241379310344827,0.017241379310344827,0.017241379310344827,0.017241379310344827,0.017241379310344827,0.017241379310344827,0.017241379310344827,0.017241379310344827,0.017241379310344827,0.017241379310344827,0.05172413793103448,0.017241379310344827,0.05172413793103448,0.017241379310344827,0.034482758620689655,0.017241379310344827,0.017241379310344827,0.034482758620689655,0.017241379310344827,0.017241379310344827,0.017241379310344827,0.017241379310344827,0.017241379310344827,0.017241379310344827,0.06896551724137931,0.017241379310344827,0.017241379310344827,0.12381585148950827
95,Westover,0.05172413793103448,0.017241379310344827,0.034482758620689655,0.017241379310344827,0.06896551724137931,0.017241379310344827,0.017241379310344827,0.017241379310344827,0.017241379310344827,0.017241379310344827,0.034482758620689655,0.034482758620689655,0.017241379310344827,0.017241379310344827,0.017241379310344827,0.017241379310344827,0.017241379310344827,0.017241379310344827,0.017241379310344827,0.017241379310344827,0.017241379310344827,0.017241379310344827,0.017241379310344827,0.017241379310344827,0.05172413793103448,0.017241379310344827,0.05172413793103448,0.017241379310344827,0.034482758620689655,0.017241379310344827,0.017241379310344827,0.034482758620689655,0.017241379310344827,0.017241379310344827,0.017241379310344827,0.017241379310344827,0.017241379310344827,0.017241379310344827,0.06896551724137931,0.017241379310344827,0.017241379310344827,1.0
96,Wilsonville,0.05172413793103448,0.017241379310344827,0.034482758620689655,0.017241379310344827,0.06896551724137931,0.017241379310344827,0.017241379310344827,0.017241379310344827,0.017241379310344827,0.017241379310344827,0.034482758620689655,0.034482758620689655,0.017241379310344827,0.017241379310344827,0.017241379310344827,0.017241379310344827,0.017241379310344827,0.017241379310344827,0.017241379310344827,0.017241379310344827,0.017241379310344827,0.017241379310344827,0.017241379310344827,0.017241379310344827,0.05172413793103448,0.017241379310344827,0.05172413793103448,0.017241379310344827,0.034482758620689655,0.017241379310344827,0.017241379310344827,0.034482758620689655,0.017241379310344827,0.017241379310344827,0.017241379310344827,0.017241379310344827,0.017241379310344827,0.017241379310344827,0.06896551724137931,0.017241379310344827,0.017241379310344827,0.10215100260941735
97,Woodstock,0.05172413793103448,0.017241379310344827,0.034482758620689655,0.017241379310344827,0.06896551724137931,0.017241379310344827,0.017241379310344827,0.017241379310344827,0.017241379310344827,0.017241379310344827,0.034482758620689655,0.034482758620689655,0.017241379310344827,0.017241379310344827,0.017241379310344827,0.017241379310344827,0.017241379310344827,0.017241379310344827,0.017241379310344827,0.017241379310344827,0.017241379310344827,0.017241379310344827,0.017241379310344827,0.017241379310344827,0.05172413793103448,0.017241379310344827,0.05172413793103448,0.017241379310344827,0.034482758620689655,0.017241379310344827,0.017241379310344827,0.034482758620689655,0.017241379310344827,0.017241379310344827,0.017241379310344827,0.017241379310344827,0.017241379310344827,0.017241379310344827,0.06896551724137931,0.017241379310344827,0.017241379310344827,0.12036238124571823
